{
  "mAP": 0.6064490025256213,
  "micro_f1": 0.6856867807290071,
  "macro_f1": 0.5014550798974193,
  "threshold": 0.5,
  "num_samples": 4170,
  "num_classes": 200
}